{
    "year": [
        2012.5,
        0.25
    ],
    "DOY": [
        11.5,
        47.91940179233975
    ],
    "hour": [
        0,
        23
    ],
    "kp": [
        13.628082191780821,
        120.20860685893281
    ],
    "r": [
        5.332876712328767,
        73.122133855454
    ],
    "dst": [
        -5.489326484018265,
        134.8201383670593
    ],
    "ap": [
        6.468321917808219,
        62.96628909551821
    ],
    "f10.7": [
        69.80246575342466,
        8.613992435610028
    ],
    "storms_size": [
        0.1284246575342466,
        0.21434125923556968
    ],
    "storms_state": [
        0.00017123287671232877,
        0.08465092107434043
    ],
    "tec": [
        100,
        50
    ]
}