{"Kp index": [13.628082191780821, 120.20860685893281], "R": [5.332876712328767, 73.122133855454], "Dst-index, nT": [-5.489326484018265, 134.8201383670593], "ap_index, nT": [6.468321917808219, 62.96628909551821], "f10.7_index": [69.80246575342466, 8.613992435610028], "(67.5, -65)": [45.50102739726027, 627.3173115763942], "(25, 120)": [119.87568493150685, 4750.860964768584], "(0, -90)": [149.50570776255708, 8294.285714322948], "(-20, -160)": [101.29138127853881, 3733.413636541644], "(-32.5, 20)": [59.736244292237444, 1747.7850439451126], "(-77.5, 165)": [43.55536529680365, 1149.3398193767966]}